<?xml version="1.0" encoding="UTF-8"?>
<project-private xmlns="http://www.netbeans.org/ns/project-private/1">
    <editor-bookmarks xmlns="http://www.netbeans.org/ns/editor-bookmarks/2" lastBookmarkId="1">
        <file>
            <url>src/Accueil.java</url>
            <bookmark id="1">
                <name/>
                <line>213</line>
                <key/>
            </bookmark>
        </file>
    </editor-bookmarks>
    <open-files xmlns="http://www.netbeans.org/ns/projectui-open-files/2">
        <group>
            <file>file:/Users/user/NetBeansProjects/JavaLibrary1/src/Menu.java</file>
            <file>file:/Users/user/NetBeansProjects/JavaLibrary1/src/Modifier.java</file>
            <file>file:/Users/user/NetBeansProjects/JavaLibrary1/src/Supprimer.java</file>
            <file>file:/Users/user/NetBeansProjects/JavaLibrary1/src/Liste.java</file>
            <file>file:/Users/user/NetBeansProjects/JavaLibrary1/src/Accueil.java</file>
            <file>file:/Users/user/NetBeansProjects/JavaLibrary1/src/FormAjout.java</file>
        </group>
    </open-files>
</project-private>
